{"cameraMode":{"drawMode":0,"name":"Shaded","section":"Shading Mode"},"sceneLighting":false,"audioPlay":false,"sceneViewState":{"m_AlwaysRefresh":false,"showFog":true,"showSkybox":false,"showFlares":true,"showImageEffects":true,"showParticleSystems":true,"showVisualEffectGraphs":true,"m_FxEnabled":true},"in2DMode":false,"pivot":{"x":21.869247436523439,"y":2.759859561920166,"z":-1.6974046230316163},"rotation":{"x":0.19038528203964234,"y":-0.7528029084205627,"z":0.24730609357357026,"w":0.5795645713806152},"size":0.5928032994270325,"orthographic":false}