{"cameraMode":{"drawMode":0,"name":"Shaded","section":"Shading Mode"},"sceneLighting":false,"audioPlay":false,"sceneViewState":{"m_AlwaysRefresh":false,"showFog":true,"showSkybox":false,"showFlares":true,"showImageEffects":true,"showParticleSystems":true,"showVisualEffectGraphs":true,"m_FxEnabled":true},"in2DMode":false,"pivot":{"x":2.5774245262145998,"y":0.03444841131567955,"z":-10.663897514343262},"rotation":{"x":0.026127491146326066,"y":0.2515927851200104,"z":-0.0067950086668133739,"w":0.9674646258354187},"size":0.07810577750205994,"orthographic":false}