{"cameraMode":{"drawMode":0,"name":"Shaded","section":"Shading Mode"},"sceneLighting":true,"audioPlay":false,"sceneViewState":{"m_AlwaysRefresh":false,"showFog":true,"showSkybox":true,"showFlares":true,"showImageEffects":true,"showParticleSystems":true,"showVisualEffectGraphs":true,"m_FxEnabled":true},"in2DMode":false,"pivot":{"x":4.850098609924316,"y":4.619999885559082,"z":-1.9568967819213868},"rotation":{"x":-0.6663130521774292,"y":-0.008270293474197388,"z":0.007391863968223333,"w":-0.7456048727035523},"size":108.95108032226563,"orthographic":false}