{"cameraMode":{"drawMode":0,"name":"Shaded","section":"Shading Mode"},"sceneLighting":false,"audioPlay":false,"sceneViewState":{"m_AlwaysRefresh":false,"showFog":true,"showSkybox":false,"showFlares":true,"showImageEffects":true,"showParticleSystems":true,"showVisualEffectGraphs":true,"m_FxEnabled":true},"in2DMode":false,"pivot":{"x":-0.060321807861328128,"y":4.519867897033691,"z":1.8500018119812012},"rotation":{"x":0.15469704568386079,"y":-0.7331300973892212,"z":0.1777830719947815,"w":0.6379633545875549},"size":13.57361888885498,"orthographic":false}